{"Accels": [1.0123655817637949, 1.0168644174570183, 0.9994832914638775], "AccelBias": [0.017779532774784997, 0.0945212384783288, -2.76261492464108], "GyroBias": [0.023673200154081933, 0.01977959922875088, 9.72068630469117e-05], "Mags": [1.0, 1.0, 1.0], "MagBias": [0.0, 0.0, 0.0]}